referent_id,query,title,local_path,download_url,source_url,description_url,mime,license,artist,credit
domestic_chicken,Gallus gallus,File:Gallus gallus domesticus - Vogelpark Steinen 03.jpg,data/external/iconic_referents/rapa_nui_1500/domestic_chicken/Gallus_gallus_domesticus_-_Vogelpark_Steinen_03.jpg,https://upload.wikimedia.org/wikipedia/commons/thumb/c/c1/Gallus_gallus_domesticus_-_Vogelpark_Steinen_03.jpg/960px-Gallus_gallus_domesticus_-_Vogelpark_Steinen_03.jpg,https://upload.wikimedia.org/wikipedia/commons/c/c1/Gallus_gallus_domesticus_-_Vogelpark_Steinen_03.jpg,https://commons.wikimedia.org/wiki/File:Gallus_gallus_domesticus_-_Vogelpark_Steinen_03.jpg,image/jpeg,CC BY-SA 3.0,H. Zell,Own work
fairy_tern,Gygis alba,File:White tern (Gygis alba candida) in flight Rarotonga 2.jpg,data/external/iconic_referents/rapa_nui_1500/fairy_tern/White_tern_Gygis_alba_candida_in_flight_Rarotonga_2.jpg,https://upload.wikimedia.org/wikipedia/commons/thumb/d/d0/White_tern_%28Gygis_alba_candida%29_in_flight_Rarotonga_2.jpg/960px-White_tern_%28Gygis_alba_candida%29_in_flight_Rarotonga_2.jpg,https://upload.wikimedia.org/wikipedia/commons/d/d0/White_tern_%28Gygis_alba_candida%29_in_flight_Rarotonga_2.jpg,https://commons.wikimedia.org/wiki/File:White_tern_(Gygis_alba_candida)_in_flight_Rarotonga_2.jpg,image/jpeg,CC BY-SA 4.0,Charles J. Sharp,"Own work, from Sharp Photography, sharpphotography.co.uk"
foot,foot,File:Macaca sylvanus feet and hands.JPG,data/external/iconic_referents/rapa_nui_1500/foot/Macaca_sylvanus_feet_and_hands.jpg,https://upload.wikimedia.org/wikipedia/commons/thumb/7/79/Macaca_sylvanus_feet_and_hands.JPG/960px-Macaca_sylvanus_feet_and_hands.JPG,https://upload.wikimedia.org/wikipedia/commons/7/79/Macaca_sylvanus_feet_and_hands.JPG,https://commons.wikimedia.org/wiki/File:Macaca_sylvanus_feet_and_hands.JPG,image/jpeg,CC BY-SA 3.0,Grez,Own work
great_frigatebird,Fregata minor,File:Male greater frigate bird displaying.jpg,data/external/iconic_referents/rapa_nui_1500/great_frigatebird/Male_greater_frigate_bird_displaying.jpg,https://upload.wikimedia.org/wikipedia/commons/thumb/2/20/Male_greater_frigate_bird_displaying.jpg/960px-Male_greater_frigate_bird_displaying.jpg,https://upload.wikimedia.org/wikipedia/commons/2/20/Male_greater_frigate_bird_displaying.jpg,https://commons.wikimedia.org/wiki/File:Male_greater_frigate_bird_displaying.jpg,image/jpeg,CC BY-SA 3.0,Charles J. Sharp,Own work
green_sea_turtle,Chelonia mydas,File:Total internal reflection of Chelonia mydas.jpg,data/external/iconic_referents/rapa_nui_1500/green_sea_turtle/Total_internal_reflection_of_Chelonia_mydas.jpg,https://upload.wikimedia.org/wikipedia/commons/thumb/5/5c/Total_internal_reflection_of_Chelonia_mydas.jpg/960px-Total_internal_reflection_of_Chelonia_mydas.jpg,https://upload.wikimedia.org/wikipedia/commons/5/5c/Total_internal_reflection_of_Chelonia_mydas.jpg,https://commons.wikimedia.org/wiki/File:Total_internal_reflection_of_Chelonia_mydas.jpg,image/jpeg,CC BY-SA 4.0,"
Brocken Inaglory",Own work
hand,hand,File:Hand and power stone bracelets.jpg,data/external/iconic_referents/rapa_nui_1500/hand/Hand_and_power_stone_bracelets.jpg,https://upload.wikimedia.org/wikipedia/commons/thumb/3/3f/Hand_and_power_stone_bracelets.jpg/960px-Hand_and_power_stone_bracelets.jpg,https://upload.wikimedia.org/wikipedia/commons/3/3f/Hand_and_power_stone_bracelets.jpg,https://commons.wikimedia.org/wiki/File:Hand_and_power_stone_bracelets.jpg,image/jpeg,CC BY-SA 4.0,Tomascastelazo,Own work
head,head,File:Bald Eagle Head sq.jpg,data/external/iconic_referents/rapa_nui_1500/head/Bald_Eagle_Head_sq.jpg,https://upload.wikimedia.org/wikipedia/commons/thumb/6/67/Bald_Eagle_Head_sq.jpg/960px-Bald_Eagle_Head_sq.jpg,https://upload.wikimedia.org/wikipedia/commons/6/67/Bald_Eagle_Head_sq.jpg,https://commons.wikimedia.org/wiki/File:Bald_Eagle_Head_sq.jpg,image/jpeg,CC BY-SA 3.0,Martin Falbisoner,Own work
moai,moai,File:Moai Rano raraku.jpg,data/external/iconic_referents/rapa_nui_1500/moai/Moai_Rano_raraku.jpg,https://upload.wikimedia.org/wikipedia/commons/thumb/a/a2/Moai_Rano_raraku.jpg/960px-Moai_Rano_raraku.jpg,https://upload.wikimedia.org/wikipedia/commons/a/a2/Moai_Rano_raraku.jpg,https://commons.wikimedia.org/wiki/File:Moai_Rano_raraku.jpg,image/jpeg,Public domain,Aurbina,Own work
moon,moon,File:FullMoon2010.jpg,data/external/iconic_referents/rapa_nui_1500/moon/FullMoon2010.jpg,https://upload.wikimedia.org/wikipedia/commons/thumb/e/e1/FullMoon2010.jpg/960px-FullMoon2010.jpg,https://upload.wikimedia.org/wikipedia/commons/e/e1/FullMoon2010.jpg,https://commons.wikimedia.org/wiki/File:FullMoon2010.jpg,image/jpeg,CC BY-SA 3.0,Gregory H. Revera,Own work
moray_eel,moray eel,"File:Green Moray Eel (Gymnothorax funebris), Cozumel.jpg",data/external/iconic_referents/rapa_nui_1500/moray_eel/Green_Moray_Eel_Gymnothorax_funebris_Cozumel.jpg,https://upload.wikimedia.org/wikipedia/commons/thumb/7/79/Green_Moray_Eel_%28Gymnothorax_funebris%29%2C_Cozumel.jpg/960px-Green_Moray_Eel_%28Gymnothorax_funebris%29%2C_Cozumel.jpg,https://upload.wikimedia.org/wikipedia/commons/7/79/Green_Moray_Eel_%28Gymnothorax_funebris%29%2C_Cozumel.jpg,"https://commons.wikimedia.org/wiki/File:Green_Moray_Eel_(Gymnothorax_funebris),_Cozumel.jpg",image/jpeg,CC BY-SA 3.0,P.Lindgren,Own work
octopus,Octopus spp.,File:Řehulková et al - Dactylogyrus - parasite200098-fig04.png,data/external/iconic_referents/rapa_nui_1500/octopus/ehulkov_et_al_-_Dactylogyrus_-_parasite200098-fig04.png,https://upload.wikimedia.org/wikipedia/commons/thumb/e/ec/%C5%98ehulkov%C3%A1_et_al_-_Dactylogyrus_-_parasite200098-fig04.png/960px-%C5%98ehulkov%C3%A1_et_al_-_Dactylogyrus_-_parasite200098-fig04.png,https://upload.wikimedia.org/wikipedia/commons/e/ec/%C5%98ehulkov%C3%A1_et_al_-_Dactylogyrus_-_parasite200098-fig04.png,https://commons.wikimedia.org/wiki/File:%C5%98ehulkov%C3%A1_et_al_-_Dactylogyrus_-_parasite200098-fig04.png,image/png,CC BY 4.0,"Eva Řehulková, Michal Benovics and Andrea Šimková"," (2020). ""Uncovering the diversity of monogeneans (Platyhelminthes) on endemic cypriniform fishes of the Balkan Peninsula: new species of Dactylogyrus and comments on their phylogeny and host-parasite associations in a biogeographic context"". Parasite 27: 66. DOI:10.1051/parasite/2020059. ISSN 1776-1042."
red_tailed_tropicbird,Phaethon rubricauda,File:Red-tailed tropicbird (Phaethon rubricauda rubricauda) nesting.jpg,data/external/iconic_referents/rapa_nui_1500/red_tailed_tropicbird/Red-tailed_tropicbird_Phaethon_rubricauda_rubricauda_nesting.jpg,https://upload.wikimedia.org/wikipedia/commons/thumb/f/f0/Red-tailed_tropicbird_%28Phaethon_rubricauda_rubricauda%29_nesting.jpg/960px-Red-tailed_tropicbird_%28Phaethon_rubricauda_rubricauda%29_nesting.jpg,https://upload.wikimedia.org/wikipedia/commons/f/f0/Red-tailed_tropicbird_%28Phaethon_rubricauda_rubricauda%29_nesting.jpg,https://commons.wikimedia.org/wiki/File:Red-tailed_tropicbird_(Phaethon_rubricauda_rubricauda)_nesting.jpg,image/jpeg,CC BY-SA 4.0,Charles J. Sharp,"Own work, from Sharp Photography, sharpphotography.co.uk"
reimiro,reimiro,"File:122 Museu de Cultures del Món (Barcelona), reimiro, pectoral de l'illa de Pasqua.jpg",data/external/iconic_referents/rapa_nui_1500/reimiro/122_Museu_de_Cultures_del_M_n_Barcelona_reimiro_pectoral_de_l_illa_de_Pasqua.jpg,https://upload.wikimedia.org/wikipedia/commons/thumb/d/d7/122_Museu_de_Cultures_del_M%C3%B3n_%28Barcelona%29%2C_reimiro%2C_pectoral_de_l%27illa_de_Pasqua.jpg/960px-122_Museu_de_Cultures_del_M%C3%B3n_%28Barcelona%29%2C_reimiro%2C_pectoral_de_l%27illa_de_Pasqua.jpg,https://upload.wikimedia.org/wikipedia/commons/d/d7/122_Museu_de_Cultures_del_M%C3%B3n_%28Barcelona%29%2C_reimiro%2C_pectoral_de_l%27illa_de_Pasqua.jpg,"https://commons.wikimedia.org/wiki/File:122_Museu_de_Cultures_del_M%C3%B3n_(Barcelona),_reimiro,_pectoral_de_l%27illa_de_Pasqua.jpg",image/jpeg,CC BY-SA 4.0,Enric,Own work
sun,sun,"File:The sun and the moon in South New Brighton's beach, New Zealand.jpg",data/external/iconic_referents/rapa_nui_1500/sun/The_sun_and_the_moon_in_South_New_Brighton_s_beach_New_Zealand.jpg,https://upload.wikimedia.org/wikipedia/commons/thumb/5/55/The_sun_and_the_moon_in_South_New_Brighton%27s_beach%2C_New_Zealand.jpg/960px-The_sun_and_the_moon_in_South_New_Brighton%27s_beach%2C_New_Zealand.jpg,https://upload.wikimedia.org/wikipedia/commons/5/55/The_sun_and_the_moon_in_South_New_Brighton%27s_beach%2C_New_Zealand.jpg,"https://commons.wikimedia.org/wiki/File:The_sun_and_the_moon_in_South_New_Brighton%27s_beach,_New_Zealand.jpg",image/jpeg,CC BY-SA 4.0,Michal Klajban,Own work
tiger_shark,Galeocerdo cuvier,File:Tiger shark.jpg,data/external/iconic_referents/rapa_nui_1500/tiger_shark/Tiger_shark.jpg,https://upload.wikimedia.org/wikipedia/commons/thumb/3/39/Tiger_shark.jpg/960px-Tiger_shark.jpg,https://upload.wikimedia.org/wikipedia/commons/3/39/Tiger_shark.jpg,https://commons.wikimedia.org/wiki/File:Tiger_shark.jpg,image/jpeg,CC BY-SA 3.0,Albert kok,Own work
toki,toki adze,"File:Fighting Adze Toki, Greenstone blade and carved handle Wellcome M0016042.jpg",data/external/iconic_referents/rapa_nui_1500/toki/Fighting_Adze_Toki_Greenstone_blade_and_carved_handle_Wellcome_M0016042.jpg,https://upload.wikimedia.org/wikipedia/commons/thumb/3/39/Fighting_Adze_Toki%2C_Greenstone_blade_and_carved_handle_Wellcome_M0016042.jpg/960px-Fighting_Adze_Toki%2C_Greenstone_blade_and_carved_handle_Wellcome_M0016042.jpg,https://upload.wikimedia.org/wikipedia/commons/3/39/Fighting_Adze_Toki%2C_Greenstone_blade_and_carved_handle_Wellcome_M0016042.jpg,"https://commons.wikimedia.org/wiki/File:Fighting_Adze_Toki,_Greenstone_blade_and_carved_handle_Wellcome_M0016042.jpg",image/jpeg,CC BY 4.0,,"https://wellcomeimages.org/indexplus/obf_images/39/da/734a88fa0be8c1e9187732e745d8.jpg

Gallery: https://wellcomeimages.org/indexplus/image/M0016042.html
Wellcome Collection gallery (2018-03-29): https://wellcomecollection.org/works/t68hg7wa CC-BY-4.0"
yellowfin_tuna,Thunnus albacares,File:Yellowfin tuna nurp.jpg,data/external/iconic_referents/rapa_nui_1500/yellowfin_tuna/Yellowfin_tuna_nurp.jpg,https://upload.wikimedia.org/wikipedia/commons/thumb/f/f9/Yellowfin_tuna_nurp.jpg/960px-Yellowfin_tuna_nurp.jpg,https://upload.wikimedia.org/wikipedia/commons/f/f9/Yellowfin_tuna_nurp.jpg,https://commons.wikimedia.org/wiki/File:Yellowfin_tuna_nurp.jpg,image/jpeg,Public domain,OAR/National Undersea Research Program (NURP),https://web.archive.org/web/20010220220800/http://www.photolib.noaa.gov/nurp/nur00010.htm
