glyph_code,group_by,n_instances_total,n_instances_used,dispersion,raw_codes,example_glyph_ids
001,base_code,309,8,0.46367930657532197,001|001!|001?|001V|001a|001bf|001c|001f|001h|001t|001t?,Aa01-057|Ab02-001|Ab08-047|Bv08-042|Ca14-023
002,base_code,231,8,0.32747329927793634,002|002?|002V|002V?|002Va|002Vc|002a|002b|002d|002e,Aa01-070|Aa08-106|Ab06-107|Bv02-019|Ca06-006
004,base_code,200,8,0.37182567531056787,004|004?|004a|004t|004x!|004y,Aa01-013|Aa06-002|Ab03-105|Br01-005|Bv09-015
003,base_code,177,8,0.5880894841949821,003|003?|003a|003a!|003ax,Aa01-048|Ab03-023|Ab04-110|Br04-035|Bv07-051
022,base_code,149,8,0.2689884294679812,022|022!|022?|022bf|022bfty|022bfy|022cfy|022df|022f|022f?,Aa01-021|Aa07-093|Ab07-011|Bv02-018|Ca03-009
006,base_code,133,8,0.49471631280120654,006|006V|006a|006b|006x|006xy|006y,Aa01-039|Ab05-088|Br08-048|Bv08-045|Ca10-024
005,base_code,120,8,0.5770546025499849,005|005!|005f|005i|005j|005jt|005t,Aa01-036|Aa07-046|Aa08-103|Ab04-040|Br08-010
600,base_code,104,8,0.42450866115068003,600|600?|600V|600af|600f|600s,Aa02-102|Aa04-114|Ab02-033|Ab05-107|Br02-024
009,base_code,98,8,0.5661910972845301,009|009a|009fi|009h|009j|009kh|009x?,Aa01-004|Aa07-066|Ab01-029|Ab05-004|Ab08-048
040,base_code,93,8,0.2320729984433554,040|040?|040a|040b|040h,Aa01-002|Ab07-025|Ca06-033|Ca07-045|Ca09-002
010,base_code,83,8,0.5211848848947203,010|010?|010f|010t|010y,Aa04-053|Ab04-038|Br08-044|Bv11-049|Ca11-016
008,base_code,81,8,0.46147397452191924,008|008!|008a|008b|008cx|008h,Aa01-032|Aa08-044|Ab08-006|Br07-018|Bv08-034
200,base_code,80,8,0.46920857711363634,200|200?|200f|200i,Aa01-074|Aa06-085|Br08-018|Bv06-029|Ca04-005
700,base_code,80,8,0.3165024095640396,700|700?|700a|700bx|700c|700d|700f|700x,Aa03-019|Ab02-097|Br09-013|Bv10-036|Cb04-011
000,base_code,77,8,0.583032669090713,000!,Aa01-115|Bv02-013|Cb03-001|Cb12-036|Da06-012
063,base_code,77,8,0.4664548569227515,063|063?|063a|063h|063x|063y,Aa01-083|Br05-013|Br06-029|Bv05-051|Db03-019
007,base_code,75,8,0.3000523821148692,007|007a|007y,Aa01-069|Aa04-083|Ab01-090|Ab07-055|Bv11-024
380,base_code,72,8,0.40826988873049275,380|380?|380y|380y?,Aa08-077|Ca03-007|Cb03-011|Da05-012|Er08-013
300,base_code,67,8,0.4292087156688606,300|300!|300y|300y?,Aa01-081|Ab01-017|Br02-050|Bv03-041|Er01-017
430,base_code,63,8,0.56343390680537,430|430!|430?|430a|430b|430y,Aa01-001|Ab03-099|Br02-012|Bv02-014|Cb03-016
074,base_code,59,8,0.5066946357909811,074|074?|074a|074af|074f|074fhx|074fx|074fy|074hx|074hy|074x|074xy,Aa01-055|Aa06-017|Ab02-117|Ab06-035|Br06-055
670,base_code,58,8,0.4468346495537703,670|670a|670b|670c|670y,Aa01-106|Ab03-042|Bv04-058|Ca07-027|Cb01-034
065,base_code,56,8,0.4006396517549202,065|065V|065f,Aa01-047|Aa01-062|Br05-016|Bv05-021|Bv06-023
095,base_code,52,8,0.6288103918629829,095|095?|095aj|095b|095bjt|095c|095f|095j|095x,Aa01-052|Ab05-034|Br06-005|Bv03-035|Bv08-035
050,base_code,51,8,0.21232466065165714,050|050V|050f|050t,Aa02-013|Ab03-011|Ab06-128|Br01-034|Bv10-055
020,base_code,43,8,0.4017484671413243,020|020V|020Vf|020b|020bfy|020by|020cfy|020efhy|020efy|020ehy|020ey|020f,Aa03-092|Aa07-037|Aa07-101|Ab01-006|Br03-026
060,base_code,43,8,0.3345924962110456,060|060a|060at,Aa01-018|Aa08-118|Ab04-102|Br08-028|Bv08-060
041,base_code,42,8,0.3920193176430465,041|041a|041b?|041h,Aa02-058|Br09-012|Ca06-026|Ca07-024|Ca08-007
053,base_code,41,8,0.3116432440857783,053|053?|053a|053ay|053y,Aa03-057|Aa08-026|Ab06-031|Br04-048|Bv08-062
070,base_code,41,8,0.29754290245341214,070|070a|070b|070t,Aa01-073|Aa08-006|Ab06-084|Ca02-008|Ca10-010
052,base_code,40,8,0.4408779032848162,052|052?|052a|052ay|052x,Aa01-095|Ab04-048|Ab05-042|Bv06-013|Ca03-013
064,base_code,40,8,0.29965071692896983,064|064?|064a|064h,Aa01-043|Aa06-065|Br02-034|Br07-035|Bv08-070
_,base_code,40,8,0.6372609244420993,_,Ab02-089|Ca07-011|Da01-001|Da02-017|Da06-001
025,base_code,38,8,0.4801617028928075,025|025V|025a|025at|025ay|025b,Aa01-089|Aa05-083|Aa07-043|Aa07-094|Aa08-009
044,base_code,38,8,0.331036393397246,044|044?|044afx|044ax|044b|044f|044t,Aa01-098|Aa08-105|Ab03-098|Br09-015|Bv07-023
048,base_code,34,8,0.4486789489187277,048|048?|048a|048f,Aa02-044|Aa07-002|Ab03-095|Ab06-043|Ab08-102
091,base_code,34,8,0.34257479554991344,091|091j|091t,Aa05-060|Ab01-081|Ab06-029|Br04-010|Br09-044
400,base_code,34,8,0.4626596648271639,400|400!|400?|400V|400o|400s|400y,Aa03-068|Ab06-051|Br05-012|Bv09-065|Ca10-025
066,base_code,33,8,0.38728128607521034,066|066?|066V|066a|066ax|066fx,Aa01-087|Br05-020|Br09-003|Br09-028|Bv03-016
280,base_code,33,8,0.33546556626787716,280|280?|280a|280a?|280c|280d|280j,Aa02-082|Aa08-094|Ab01-062|Ab06-113|Bv02-035
522,base_code,31,8,0.46166635000015,522|522Vfy|522afy|522f|522f?|522fy|522fy!|522y,Aa02-098|Aa08-061|Bv02-047|Ca03-025|Cb12-035
711,base_code,31,8,0.39857494505208835,711|711?|711y,Aa01-107|Aa07-085|Ab01-094|Bv08-025|Ca07-017
739,base_code,31,8,0.39312021457768526,739|739a|739ay|739b,Aa01-080|Ab03-063|Ab05-087|Br06-003|Bv04-057
073,base_code,30,8,0.4320785112930632,073|073?|073Va|073Vf|073f|073f!|073f?,Aa02-017|Aa04-079|Bv11-061|Ca02-017|Ca05-008
059,base_code,29,8,0.44142774392124284,059af|059f|059f?|059fh,Aa04-019|Br02-005|Br02-023|Bv04-013|Bv10-027
067,base_code,29,8,0.42474863630978377,067|067?|067a,Aa01-016|Ab04-025|Bv02-001|Ca02-033|Ca12-029
755,base_code,29,8,0.48457192361464696,755|755?|755a,Aa03-072|Ab01-096|Ab08-090|Br06-016|Bv03-002
011,base_code,28,8,0.07903411122789486,011|011t,Aa02-047|Aa02-075|Aa05-046|Aa08-013|Ab03-061
061,base_code,28,8,0.4487283912101877,061|061?|061ay|061b|061c|061sy|061x|061y,Aa01-023|Aa04-054|Ab08-037|Br06-028|Ca02-026
062,base_code,28,8,0.44625279536946905,062|062?|062a|062f|062fx|062x|062y,Aa04-107|Ab06-028|Br05-026|Bv10-031|Cb03-027
306,base_code,28,8,0.35672609821621304,306|306s|306s!|306y,Aa02-081|Aa05-067|Ab01-093|Ab03-073|Ab06-038
450,base_code,28,8,0.40133226445877773,450|450?|450b|450y,Aa01-061|Ab04-077|Ab06-067|Ab08-075|Br04-031
741,base_code,27,8,0.32007064134064833,741|741f,Aa01-109|Ab01-064|Ab01-098|Ab03-031|Ab06-020
290,base_code,26,8,0.4642853000079842,290,Aa01-101|Ab01-091|Ab06-117|Bv12-003|Ca10-036
027,base_code,25,8,0.4163271014668686,027|027f|027fx|027x|027x?,Aa01-091|Ab05-027|Br09-035|Bv05-017|Bv09-023
042,base_code,25,8,0.4533318154823269,042,Aa04-018|Ab06-017|Br07-029|Br08-049|Bv06-022
077,base_code,25,8,0.4912640236958565,077|077a|077ay,Aa02-096|Aa04-051|Br06-054|Bv02-027|Bv05-014
254,base_code,25,8,0.37032543465968176,254|254?|254a|254a!|254aj|254b|254c|254di|254k,Aa04-010|Aa04-080|Aa07-023|Aa08-075|Ab08-084
381,base_code,24,8,0.31704400131579474,381|381f|381fy,Ab04-020|Br03-040|Br09-043|Bv04-023|Bv09-056
760,base_code,23,8,0.356153011967546,760,Br08-023|Ca04-016|Ca10-022|Ca11-018|Cb06-013
079,base_code,22,8,0.41543974813065265,079|079a,Aa05-008|Ab04-034|Ab07-073|Bv03-042|Bv11-043
208,base_code,22,8,0.3998922737890119,208|208f,Aa03-050|Aa04-097|Ab05-008|Br01-047|Br08-022
607,base_code,22,8,0.4514049033285559,607|607o,Aa02-108|Ab01-057|Ab01-103|Br08-058|Bv09-046
069,base_code,21,8,0.38839586603076615,069|069a,Aa03-095|Aa06-051|Br01-056|Bv01-038|Bv03-033
071,base_code,21,8,0.4466097688718754,071|071aty|071b!|071c|071tx,Aa02-016|Ab01-058|Br04-034|Bv10-024|Cb10-019
385,base_code,21,8,0.4644422133703473,385|385?|385y,Aa03-081|Bv05-032|Bv07-003|Bv07-042|Bv07-059
745,base_code,20,8,0.3528317380638016,745|745a,Aa04-036|Aa05-003|Aa05-056|Ab07-093|Br03-055
076,base_code,19,8,0.6131035970623437,076|076?|076y,Aa02-021|Aa06-021|Ab04-019|Br10-024|Bv02-012
093,base_code,19,8,0.3399136494621787,093|093f|093i|093j,Aa01-072|Aa02-089|Aa08-089|Ab03-013|Ab03-022
605,base_code,19,8,0.4050812777628795,605|605s,Aa03-075|Aa03-080|Ab02-095|Ab03-045|Ab05-014
631,base_code,19,8,0.405782447424374,631|631!|631a|631b|631c,Aa03-023|Aa06-028|Aa08-115|Ab04-004|Ab05-083
205,base_code,18,8,0.45570974209466303,205|205a|205s|205s?,Aa08-007|Br02-037|Bv08-005|Cb01-027|Da02-009
730,base_code,18,8,0.48240672129347506,730,Aa08-018|Br05-022|Bv03-032|Ca04-037|Cb02-014
034,base_code,17,8,0.45883854343792096,034|034V|034V?|034c,Aa01-017|Br09-047|Bv06-037|Ca01-030|Ca09-008
047,base_code,17,8,0.44313434699404386,047,Aa02-022|Bv02-055|Ca10-015|Ca11-010|Ca12-005
660,base_code,17,8,0.4559122188213598,660|660o|660y,Aa02-106|Aa04-069|Ab01-085|Ab02-101|Ab07-004
017,base_code,16,8,0.3356058685166333,017|017a|017t,Aa06-023|Ab04-058|Br02-025|Bv07-035|Ca09-009
092,base_code,16,8,0.2623767563565864,092|092?|092f,Br07-014|Bv06-048|Er07-008|Er07-016|Ev07-025
326,base_code,16,8,0.29962909613609556,326|326!,Aa06-058|Ab04-107|Ab06-010|Bv02-056|Bv07-010
080,base_code,15,8,0.23986022843804822,080|080a|080bx,Aa03-093|Aa04-067|Aa07-027|Aa07-055|Aa07-088
203,base_code,15,8,0.31838879149427907,203|203s,Br04-037|Br05-021|Er02-020|Er02-024|Er02-040
630,base_code,15,8,0.5165025152314805,630|630!|630?|630b|630c|630es,Aa01-092|Aa06-001|Ab03-051|Br02-004|Bv02-054
028,base_code,14,8,0.23372826565370886,028|028x,Aa02-087|Br05-047|Ca12-019|Er02-015|Er02-032
045,base_code,14,8,0.36135771111977427,045|045?,Aa02-091|Aa08-033|Ab06-111|Bv08-001|Bv08-014
099,base_code,14,8,0.47918619481597546,099|099a|099aj|099b|099b!,Aa02-066|Ab03-044|Ab07-091|Bv12-062|Cb08-016
207,base_code,14,8,0.5307870055502286,207|207?|207o|207y,Aa03-059|Ab04-060|Br09-055|Bv07-002|Bv12-063
037,base_code,13,8,0.5120038853602004,037|037?|037x,Ab01-032|Ab06-083|Br06-041|Bv08-016|Bv10-010
206,base_code,13,8,0.34372259657025794,206|206?|206a|206s,Aa03-056|Bv03-004|Bv06-055|Ca13-010|Er01-026
240,base_code,13,8,0.45276735787640365,240|240?|240k,Aa05-084|Aa08-112|Ab01-051|Ab08-011|Bv10-052
244,base_code,13,8,0.35257768040003723,244|244?|244s,Aa04-049|Br10-005|Br10-035|Bv11-063|Db04-008
305,base_code,13,8,0.44635884210411203,305|305f|305fs|305s,Aa05-024|Aa07-074|Ab01-005|Ab01-087|Ab07-053
360,base_code,13,8,0.45674362346384045,360|360b|360c|360y,Aa05-020|Ab03-055|Ab07-049|Ab07-064|Br03-001
021,base_code,12,8,0.4823197764229408,021|021a|021ft|021h|021t,Aa02-031|Aa06-077|Aa07-048|Ab02-061|Ab03-072
049,base_code,12,8,0.46975758267023476,049|049f|049f?,Aa04-062|Aa07-099|Aa08-046|Bv01-025|Bv01-029
078,base_code,12,8,0.4931417327628378,078|078ay,Aa08-071|Ab07-052|Ca06-031|Ca07-029|Ca07-043
086,base_code,12,8,0.4723418754128754,086,Aa02-042|Ca14-015|Ca14-022|Cb07-029|Cb08-007
330,base_code,12,8,0.26829237480760015,330,Aa06-018|Br03-006|Br03-008|Br03-014|Br03-017
390,base_code,12,8,0.4382612581124363,390,Ab06-110|Ca06-025|Ca06-037|Ca07-023|Ca07-036
770,base_code,12,8,0.4538063230114457,770|770a|770b|770c,Aa06-011|Ab08-109|Br07-001|Br08-035|Ca02-013
054,base_code,11,8,0.38799488868365234,054,Br07-032|Br09-016|Bv03-013|Bv03-051|Bv08-052
068,base_code,11,8,0.45439515454803825,068|068?,Br02-002|Br03-034|Bv03-038|Bv08-013|Bv10-002
204,base_code,11,8,0.36207962634827984,204|204s|204s?,Bv01-013|Bv04-033|Da04-022|Er05-001|Er05-007
320,base_code,11,8,0.32607624833413174,320,Aa01-003|Aa01-005|Aa03-083|Br07-017|Bv07-033
384,base_code,11,8,0.3796234567788307,384|384?,Aa01-084|Aa01-086|Br03-045|Br03-049|Br04-017
420,base_code,11,8,0.5110538325445204,420|420!|420y,Aa01-100|Aa06-008|Aa06-068|Ab01-097|Bv02-028
090,base_code,10,8,0.3920323724123441,090|090!|090f|090j|090k,Aa02-046|Aa02-048|Aa08-108|Ab05-089|Ab06-008
144,base_code,10,8,0.4006393118896834,144|144f,Aa02-067|Aa02-072|Aa05-058|Aa07-132|Ab02-014
301,base_code,10,8,0.3755402998774443,301|301s,Aa01-029|Aa01-090|Aa03-062|Aa03-066|Br01-010
386,base_code,10,8,0.3784181291339017,386|386V,Aa02-078|Aa06-069|Aa06-113|Aa07-034|Aa07-051
405,base_code,10,8,0.4034876844920992,405|405s,Ab07-089|Bv01-023|Bv03-009|Bv10-033|Bv12-031
680,base_code,10,8,0.37451912026484824,680|680?|680a,Aa03-016|Aa03-067|Ab04-106|Cb05-014|Cb14-018
016,base_code,9,8,0.3574925170189579,016|016?|016t?,Aa06-035|Br03-022|Br03-056|Br06-037|Br06-048
032,base_code,9,8,0.2831043130573703,032,Bv04-045|Bv04-047|Bv04-050|Bv04-052|Bv06-052
046,base_code,9,8,0.18267894045302666,046,Aa05-013|Ab02-017|Ab03-087|Ab03-090|Ab08-086
056,base_code,9,8,0.38259391632466566,056|056a,Aa08-020|Ab06-048|Ab06-050|Bv03-028|Cb04-033
081,base_code,9,8,0.4211840549527258,081|081x,Aa05-071|Aa05-073|Aa05-078|Aa05-080|Ca05-038
256,base_code,9,8,0.2817737776554017,256|256?|256a|256b|256c|256d,Aa03-065|Aa04-012|Aa07-032|Aa07-049|Aa07-098
431,base_code,9,8,0.5137910174369478,431|431bf|431c|431y,Aa07-009|Aa08-056|Ab04-018|Ab05-091|Er03-026
470,base_code,9,8,0.41377473713034957,470,Aa03-058|Ab04-028|Br04-020|Br04-029|Bv02-050
608,base_code,9,8,0.33741544321640937,608|608V|608y,Aa04-073|Aa05-031|Bv06-058|Bv07-013|Cb07-009
678,base_code,9,8,0.5176564653668043,678|678b,Aa01-093|Aa02-019|Aa02-025|Aa02-059|Br07-023
019,base_code,8,8,0.15756128518097545,019|019?,Ab01-044|Bv07-038|Cb13-010|Er07-033|Ev05-030
024,base_code,8,8,0.11609547784230365,024|024a,Aa08-113|Ab04-080|Bv05-041|Bv09-024|Ca14-013
379,base_code,8,8,0.44832184152309634,379|379y?,Aa06-043|Ab07-042|Br10-037|Cb02-032|Cb02-034
445,base_code,8,8,0.509455930589793,445|445y,Aa01-011|Aa01-082|Ab03-026|Ab05-038|Ab05-058
590,base_code,8,8,0.44992578266003136,590,Ab03-115|Br10-016|Da02-008|Da04-013|Da04-020
606,base_code,8,8,0.3718944460206266,606|606?|606s,Aa08-100|Ab07-015|Ab07-086|Ab07-092|Ca01-036
013,base_code,7,7,0.5494875024079248,013,Br05-004|Bv03-054|Cb02-033|Cb02-035|Db03-003
029,base_code,7,7,0.21950231802913994,029|029y,Aa06-089|Aa08-065|Ab04-055|Ab06-071|Bv04-027
058,base_code,7,7,0.443447543169953,058|058t,Aa05-036|Aa05-038|Aa05-040|Ab07-069|Ab07-071
084,base_code,7,7,0.45971825235950475,084|084ax,Ab04-104|Ab07-019|Br05-032|Br07-043|Br07-047
201,base_code,7,7,0.37725650276960704,201|201!|201s,Aa02-001|Aa03-074|Ca02-005|Ca02-019|Er01-042
211,base_code,7,7,0.4385428250746109,211|211ai|211s|211x?,Aa08-028|Br01-014|Br01-030|Bv09-007|Cb11-013
243,base_code,7,7,0.3098692317655503,243|243?|243a|243f,Aa02-094|Ab02-065|Ab02-069|Ab04-046|Ab04-054
255,base_code,7,7,0.42238026534891926,255|255?|255j,Aa08-027|Ab04-089|Cb03-023|Cb04-037|Er08-029
325,base_code,7,7,0.523796327758723,325|325a|325y,Aa03-052|Aa05-102|Ab01-034|Ab02-110|Br01-039
440,base_code,7,7,0.38126103609379797,440,Aa01-007|Aa01-008|Aa01-009|Aa01-010|Aa02-011
451,base_code,7,7,0.29298149062132534,451|451V,Aa01-033|Aa05-019|Ab06-072|Ab06-074|Ab06-077
599,base_code,7,7,0.3535844933679875,599|599b|599c|599d,Aa03-053|Aa04-040|Aa08-001|Ab03-058|Ab04-039
015,base_code,6,6,0.29857899005217875,015|015?|015af|015f,Aa01-085|Br03-018|Br03-050|Br06-030|Br10-041
055,base_code,6,6,0.43124480939915416,055|055?|055ah|055b,Ab07-043|Da07-016|Er05-044|Ev06-024|Ev08-029
057,base_code,6,6,0.5075772952716916,057|057a,Aa08-048|Ab02-022|Ca14-011|Cb01-006|Ev04-018
109,base_code,6,6,0.5191598462310252,109|109a|109b|109t,Aa04-086|Aa06-067|Aa07-042|Ab02-086|Ab05-003
215,base_code,6,6,0.42430810556454257,215|215?|215j,Aa08-029|Bv09-055|Ca02-012|Ca09-023|Cb11-027
291,base_code,6,6,0.3632199542404521,291,Ab07-066|Ab08-081|Br07-028|Bv05-006|Bv05-043
378,base_code,6,6,0.3189882891836191,378|378y,Ca07-012|Ca07-025|Ca07-039|Ca08-006|Ca08-018
493,base_code,6,6,0.38645492213405414,493,Br03-035|Br05-053|Br09-048|Bv09-041|Bv10-003
520,base_code,6,6,0.4553434443152729,520|520f|520fhy|520fy,Ab04-061|Bv11-025|Ca09-003|Ca13-033|Er04-010
595,base_code,6,6,0.4711219707320307,595|595s|595y,Ab03-113|Br01-001|Br01-007|Br01-017|Br01-023
610,base_code,6,6,0.3137134312478666,610,Br05-015|Br05-018|Bv06-061|Bv07-047|Da03-005
774,base_code,6,6,0.37533317396045335,774|774?|774b,Aa08-088|Aa08-090|Aa08-092|Ca06-016|Ca06-018
031,base_code,5,5,0.5375172358509281,031,Aa04-102|Aa04-103|Ca04-001|Ca04-002|Ev07-018
035,base_code,5,5,0.39469728304781193,035,Ev07-003|Ev07-005|Ev07-007|Ev07-011|Ev07-014
075,base_code,5,5,0.5316941293389819,075|075?!,Aa03-025|Aa03-031|Aa03-039|Ab08-003|Ca12-030
083,base_code,5,5,0.3790202004361738,083,Br06-067|Br07-004|Br09-011|Ca02-028|Da07-010
088,base_code,5,5,0.3817057517493164,088|088f,Aa06-071|Ab02-013|Ca13-034|Ev04-003|Ev05-014
094,base_code,5,5,0.4474239427481524,094a|094b|094c,Aa08-035|Ab08-088|Ca12-022|Cb05-008|Da07-003
096,base_code,5,5,0.31236312268874133,096,Ab06-014|Ab06-068|Ab06-076|Ab06-118|Br05-044
097,base_code,5,5,0.4189054586600413,097|097a|097ax,Aa06-050|Aa06-052|Aa06-054|Aa07-050|Cb03-018
133,base_code,5,5,0.4702247933959173,133,Br05-038|Br08-050|Bv02-040|Bv06-060|Bv07-015
166,base_code,5,5,0.31212310930354675,166,Br09-045|Bv03-037|Bv08-012|Bv09-062|Bv10-001
246,base_code,5,5,0.39150072225112625,246|246?|246a|246j,Aa02-035|Aa06-070|Ab08-076|Bv04-059|Db01-001
260,base_code,5,5,0.4644344695840287,260|260!,Aa01-019|Bv08-022|Bv08-026|Bv09-035|Fa04-002
275,base_code,5,5,0.3670995456231763,275|275a,Br05-029|Bv11-044|Bv11-046|Ca12-013|Cb07-026
302,base_code,5,5,0.32545914194734155,302|302s,Aa02-090|Aa07-109|Bv01-018|Cb09-002|Cb09-004
324,base_code,5,5,0.29971179667908676,324,Ab07-104|Br06-068|Br07-016|Br10-012|Ev06-019
407,base_code,5,5,0.3608578792499893,407,Bv09-043|Er06-036|Er07-036|Ev04-053|Ev04-055
460,base_code,5,5,0.5245073985421789,460|460?|460y,Ab04-008|Cb12-010|Cb14-022|Da03-014|Er06-002
742,base_code,5,5,0.30110837460648365,742|742a|742f,Ab01-079|Ab06-023|Ab06-026|Ab07-059|Ab07-060
014,base_code,4,4,0.20358470458701616,014,Aa03-015|Ab02-048|Ab05-093|Bv12-046
030,base_code,4,4,0.5955526721378666,030a|030b,Bv12-008|Ca06-036|Cb06-034|Ev06-022
107,base_code,4,4,0.45488000849113436,107|107x,Ab07-033|Ca13-015|Cb10-009|Ev08-052
117,base_code,4,4,0.29418819563427817,117a|117af!|117b,Aa05-072|Aa05-079|Aa06-022|Aa08-005
165,base_code,4,4,0.27984094323689906,165|165xy,Ab02-016|Ab02-019|Ab07-072|Bv08-053
202,base_code,4,4,0.44823078636807423,202|202?|202s,Aa07-008|Bv12-029|Da07-001|Ev08-037
226,base_code,4,4,0.2724948832123667,226,Aa06-060|Ca01-023|Ca13-008|Er08-039
263,base_code,4,4,0.32943650486128884,263s,Br04-038|Br04-040|Br04-045|Br04-050
383,base_code,4,4,0.36533995241947254,383,Br04-023|Ca12-021|Db03-001|Db03-002
461,base_code,4,4,0.42075150858074833,461|461a|461b,Aa03-004|Ab08-025|Ab08-093|Br05-052
530,base_code,4,4,0.39467219530804337,530,Aa02-015|Aa02-023|Aa02-060|Cb14-005
540,base_code,4,4,0.39524706997913284,540,Br09-037|Bv03-024|Bv05-046|Bv10-037
569,base_code,4,4,0.4017848486323998,569,Br03-020|Br03-052|Br06-032|Bv01-026
575,base_code,4,4,0.3379467833511449,575,Aa04-024|Aa04-026|Aa04-034|Bv03-027
666,base_code,4,4,0.3027695167168752,666,Ab02-037|Ab05-082|Ab05-109|Ab07-029
697,base_code,4,4,0.4420915156558737,697|697?|697ao,Ab04-059|Br04-005|Er07-035|Ev02-036
734,base_code,4,4,0.5244508400338136,734|734a!|734b,Aa01-114|Aa08-054|Ab02-090|Da01-017
736,base_code,4,4,0.3417866067635666,736|736a,Ab03-069|Ab03-079|Ab04-109|Ab04-111
752,base_code,4,4,0.35721306291349336,752|752a,Ab03-052|Ab03-054|Ab03-093|Ab05-059
033,base_code,3,3,0.6403782073122368,033,Aa02-038|Bv11-064|Cb05-017
038,base_code,3,3,0.2878352291059452,038,Ab08-056|Br09-006|Ca05-023
039,base_code,3,3,0.48630492174505563,039,Br06-063|Bv01-031|Bv05-003
043,base_code,3,3,0.20689558480568646,043,Br03-013|Br03-042|Br06-022
072,base_code,3,3,0.38606929976405113,072,Ca10-016|Ca10-018|Cb03-007
087,base_code,3,3,0.25511201695032076,087|087a,Aa02-005|Aa08-040|Ab07-085
108,base_code,3,3,0.4593062997712667,108|108a?,Aa05-007|Ca13-013|Ev06-040
123,base_code,3,3,0.3148610963144808,123,Ab05-096|Ab05-097|Er03-006
126,base_code,3,3,0.4632054649089943,126|126a,Aa05-051|Br04-015|Br04-024
134,base_code,3,3,0.32536069031671416,134,Ab07-082|Ab08-095|Bv04-064
209,base_code,3,3,0.504558678413923,209|209a|209b,Aa06-036|Bv06-036|Cb14-002
220,base_code,3,3,0.3914653527525988,220|220j,Aa06-003|Br02-001|Ca01-025
286,base_code,3,3,0.3331812222607247,286|286a|286s,Aa08-037|Br09-008|Ca03-035
303,base_code,3,3,0.2012277327361444,303|303s,Aa06-066|Br05-003|Br05-005
307,base_code,3,3,0.31372213226554796,307,Br09-023|Bv01-002|Bv03-020
311,base_code,3,3,0.32074129731926804,311|311s?,Aa06-103|Bv01-006|Cb01-032
316,base_code,3,3,0.29853963959134855,316|316a,Aa03-022|Aa03-028|Aa03-035
370,base_code,3,3,0.37683014170900364,370,Ca01-039|Ca02-014|Cb02-031
376,base_code,3,3,0.39304359998511185,376|376a|376s,Aa01-112|Bv10-017|Ev04-038
387,base_code,3,3,0.3925714232815625,387|387ao|387o,Aa06-055|Aa06-056|Bv07-018
394,base_code,3,3,0.3274255574402351,394|394a|394s,Aa01-075|Br01-004|Br01-020
459,base_code,3,3,0.3611588700924415,459,Bv11-040|Bv11-042|Ev08-033
480,base_code,3,3,0.43863404930274846,480,Cb10-001|Cb10-005|Cb14-020
535,base_code,3,3,0.4270786944051337,535|535s?,Aa03-091|Aa04-001|Aa04-008
539,base_code,3,3,0.5933814268232522,539!|539a|539b,Aa01-113|Aa02-008|Aa02-026
545,base_code,3,3,0.4437428734303719,545,Aa02-053|Bv08-068|Ca12-033
570,base_code,3,3,0.18271649796610123,570,Br07-042|Br07-046|Br09-005
580,base_code,3,3,0.3156405718269114,580|580c,Ab04-030|Ab04-042|Ev03-038
664,base_code,3,3,0.3512953453862298,664,Aa05-069|Cb14-007|Er07-047
665,base_code,3,3,0.4513004699149086,665,Aa08-109|Cb05-006|Cb10-007
685,base_code,3,3,0.3491797022172243,685|685!|685a,Fa01-002|Fa04-006|Fa04-008
746,base_code,3,3,0.3598629484004377,746,Aa08-122|Ab01-047|Ab05-090
747,base_code,3,3,0.3171958178220307,747,Br08-030|Br08-034|Br08-037
773,base_code,3,3,0.39562995015033064,773|773b,Ab08-041|Br05-039|Ca06-021
012,base_code,2,2,0.14704591643952541,012|012a,Ab04-003|Db03-020
026,base_code,2,2,0.27222477077752405,026,Br02-015|Br02-042
085,base_code,2,2,0.24245666253410222,085,Aa06-038|Ca13-026
141,base_code,2,2,0.1827758636143211,141,Bv01-014|Er09-021
164,base_code,2,2,0.20922033893564415,164,Br07-053|Br08-059
167,base_code,2,2,0.1537906187804129,167,Bv10-007|Bv10-011
182,base_code,2,2,0.14707394041965036,182,Aa07-058|Aa07-091
190,base_code,2,2,0.4005820016948768,190,Aa02-007|Cb05-004
191,base_code,2,2,0.25221048532500945,191,Bv11-020|Er04-043
212,base_code,2,2,0.28481305785290056,212fs|212j,Ab03-053|Ab07-080
214,base_code,2,2,0.23134652295602534,214,Ca05-027|Ca05-034
216,base_code,2,2,0.2671482852448034,216|216j,Ab02-124|Cb05-025
225,base_code,2,2,0.40781814499508584,225|225?,Ca02-009|Er09-005
232,base_code,2,2,0.13022883358879817,232a|232b,Aa06-059|Bv05-029
235,base_code,2,2,0.3655276005180901,235,Br08-026|Bv03-046
242,base_code,2,2,0.3935381606281524,242,Aa08-031|Br10-006
245,base_code,2,2,0.4750886452289277,245|245?,Cb04-035|Ev03-041
253,base_code,2,2,0.23552742998523726,253,Aa08-062|Aa08-068
281,base_code,2,2,0.16605013215354159,281,Cb06-016|Cb06-018
285,base_code,2,2,0.3295380675971544,285|285as,Aa04-015|Da02-021
292,base_code,2,2,0.32260054155358675,292|292s,Bv05-007|Ev05-009
296,base_code,2,2,0.3231436739340359,296|296f,Ab07-032|Cb07-027
298,base_code,2,2,0.41155128330152535,298|298o,Aa07-076|Ev07-046
304,base_code,2,2,0.20519533756479919,304s,Bv09-040|Bv09-042
371,base_code,2,2,0.2530943884010309,371,Db01-005|Db01-006
375,base_code,2,2,0.36140638528829955,375|375a,Aa06-031|Ca06-039
391,base_code,2,2,0.35954749349700865,391,Cb10-018|Fa04-004
401,base_code,2,2,0.33207568665841836,401!|401y,Aa01-102|Cb11-015
410,base_code,2,2,0.34495281697052893,410,Aa06-080|Cb09-033
415,base_code,2,2,0.19658061057531137,415,Bv11-028|Er04-051
441,base_code,2,2,0.23618363874909537,441s,Ab03-040|Br07-040
446,base_code,2,2,0.383969849132278,446|446s,Aa05-092|Bv05-030
465,base_code,2,2,0.4019297787899555,465,Bv05-001|Cb08-003
469,base_code,2,2,0.27009937778158516,469|469a,Aa05-081|Ab07-101
481,base_code,2,2,0.28904234196154743,481,Ca10-007|Ca12-023
490,base_code,2,2,0.39405244680107443,490,Bv08-008|Ev03-035
492,base_code,2,2,0.2668996708040318,492,Bv08-056|Bv10-005
523,base_code,2,2,0.19525940442664688,523|523f,Cb05-018|Cb05-034
524,base_code,2,2,0.3353379898006872,524afs|524f,Aa06-107|Db05-006
527,base_code,2,2,0.2183652992941893,527|527a,Aa05-089|Ab07-107
551,base_code,2,2,0.4244387491882956,551,Aa01-022|Aa01-027
566,base_code,2,2,0.2056648672929872,566s,Ab02-088|Ev07-001
568,base_code,2,2,0.2604304453758579,568|568a,Aa06-015|Aa06-037
571,base_code,2,2,0.23703400731773838,571|571a,Aa03-087|Cb02-018
579,base_code,2,2,0.22705847968580467,579,Aa04-027|Aa04-028
581,base_code,2,2,0.20368738449863064,581,Bv10-016|Ev05-041
583,base_code,2,2,0.18067166641786148,583,Aa04-029|Aa04-030
591,base_code,2,2,0.23614872903436385,591,Ev02-040|Ev02-043
593,base_code,2,2,0.33609498421639783,593aj|593c,Aa06-042|Aa08-117
594,base_code,2,2,0.3288754021313022,594,Ca02-025|Da02-020
622,base_code,2,2,0.25133696868304434,622,Aa02-105|Db05-011
626,base_code,2,2,0.21290174199866546,626,Aa02-104|Ab02-109
650,base_code,2,2,0.2111346207982579,650y,Br09-010|Ev04-030
655,base_code,2,2,0.3822626968408197,655|655!,Aa01-097|Aa02-028
663,base_code,2,2,0.24779596669428539,663,Bv05-018|Cb13-028
667,base_code,2,2,0.3738509727064375,667,Ab04-081|Cb10-008
672,base_code,2,2,0.2840459159645958,672,Ab01-030|Bv12-056
675,base_code,2,2,0.3050662286068897,675a,Ab05-071|Fa02-006
681,base_code,2,2,0.14343156028909718,681|681i,Ab03-015|Ab05-025
710,base_code,2,2,0.2432809207815726,710,Aa07-035|Aa08-025
719,base_code,2,2,0.1286865360344537,719|719a,Ab03-028|Ab05-040
721,base_code,2,2,0.26093617739892777,721,Er04-050|Fa02-007
722,base_code,2,2,0.23410092308995636,722,Br07-031|Er01-030
735,base_code,2,2,0.5599099440408029,735|735V,Aa07-047|Bv11-027
748,base_code,2,2,0.2105703024826857,748|748a,Aa06-041|Aa08-057
771,base_code,2,2,0.30292394318060073,771,Ab05-100|Br04-016
772,base_code,2,2,0.34029840385072707,772|772V,Ab03-123|Ab07-067
777,base_code,2,2,0.2471626420047207,777,Ca04-028|Ca04-029
023,base_code,1,1,0.0,023,Ab07-047
036,base_code,1,1,0.0,036,Ca05-017
082,base_code,1,1,0.0,082,Aa01-030
100,base_code,1,1,0.0,100,Bv03-049
101,base_code,1,1,0.0,101,Br10-004
102,base_code,1,1,0.0,102,Bv07-041
103,base_code,1,1,0.0,103a,Aa02-004
104,base_code,1,1,0.0,104,Br09-034
105,base_code,1,1,0.0,105,Bv06-019
110,base_code,1,1,0.0,110,Ev06-046
116,base_code,1,1,0.0,116,Bv03-003
118,base_code,1,1,0.0,118,Er02-027
119,base_code,1,1,0.0,119,Br06-002
120,base_code,1,1,0.0,120a,Aa01-014
131,base_code,1,1,0.0,131,Aa02-012
132,base_code,1,1,0.0,132,Bv12-025
135,base_code,1,1,0.0,135,Br04-052
139,base_code,1,1,0.0,139V,Aa07-133
140,base_code,1,1,0.0,140,Bv09-011
143,base_code,1,1,0.0,143,Ca07-034
145,base_code,1,1,0.0,145,Cb14-001
152,base_code,1,1,0.0,152,Ca07-035
154,base_code,1,1,0.0,154,Bv09-019
156,base_code,1,1,0.0,156,Bv09-016
160,base_code,1,1,0.0,160b,Aa02-084
163,base_code,1,1,0.0,163,Ev04-021
169,base_code,1,1,0.0,169,Bv02-042
170,base_code,1,1,0.0,170,Ab02-003
171,base_code,1,1,2.1073424255447017e-08,171,Bv08-058
172,base_code,1,1,0.0,172,Ev05-033
173,base_code,1,1,0.0,173,Da02-023
181,base_code,1,1,0.0,181f,Aa05-061
188,base_code,1,1,0.0,188,Ev07-017
195,base_code,1,1,1.4901161193847656e-08,195a?,Aa02-054
196,base_code,1,1,0.0,196,Bv07-007
197,base_code,1,1,0.0,197f,Aa03-088
210,base_code,1,1,0.0,210,Aa07-126
222,base_code,1,1,0.0,222,Ca12-006
224,base_code,1,1,0.0,224,Ev05-047
231,base_code,1,1,0.0,231,Br03-016
234,base_code,1,1,0.0,234,Aa03-076
236,base_code,1,1,0.0,236s,Bv05-027
247,base_code,1,1,0.0,247,Cb12-011
248,base_code,1,1,0.0,248,Cb08-008
252,base_code,1,1,0.0,252,Ca03-024
262,base_code,1,1,0.0,262s,Br04-007
264,base_code,1,1,0.0,264k,Bv11-002
276,base_code,1,1,0.0,276,Ev07-015
279,base_code,1,1,0.0,279,Er08-030
293,base_code,1,1,0.0,293s,Br03-032
294,base_code,1,1,0.0,294s,Ev02-011
299,base_code,1,1,0.0,299,Ca09-019
315,base_code,1,1,0.0,315y,Ca06-027
321,base_code,1,1,0.0,321,Aa06-020
323,base_code,1,1,0.0,323,Aa06-079
331,base_code,1,1,0.0,331,Br05-030
340,base_code,1,1,0.0,340,Aa06-075
343,base_code,1,1,0.0,343,Ev02-034
354,base_code,1,1,1.4901161193847656e-08,354,Cb05-011
361,base_code,1,1,0.0,361a,Ab08-035
366,base_code,1,1,0.0,366,Aa05-033
373,base_code,1,1,0.0,373y,Br04-051
374,base_code,1,1,0.0,374y,Bv02-060
392,base_code,1,1,0.0,392,Br08-005
393,base_code,1,1,0.0,393,Aa02-034
395,base_code,1,1,0.0,395,Bv11-012
408,base_code,1,1,0.0,408,Ca05-031
421,base_code,1,1,0.0,421,Aa01-079
432,base_code,1,1,0.0,432y,Aa06-073
442,base_code,1,1,0.0,442,Aa02-014
447,base_code,1,1,0.0,447f,Ab03-083
448,base_code,1,1,0.0,448,Ab03-077
453,base_code,1,1,0.0,453,Ab07-105
462,base_code,1,1,0.0,462,Br08-056
463,base_code,1,1,0.0,463s,Br04-039
471,base_code,1,1,0.0,471,Aa05-087
474,base_code,1,1,0.0,474,Bv06-012
476,base_code,1,1,0.0,476,Aa06-039
477,base_code,1,1,1.4901161193847656e-08,477,Aa05-097
482,base_code,1,1,0.0,482,Bv06-014
483,base_code,1,1,0.0,483,Cb10-003
484,base_code,1,1,0.0,484,Bv02-049
486,base_code,1,1,0.0,486,Ca13-012
487,base_code,1,1,0.0,487,Ab04-010
489,base_code,1,1,0.0,489,Ab03-094
494,base_code,1,1,0.0,494a,Aa06-092
498,base_code,1,1,2.1073424255447017e-08,498V,Aa01-088
500,base_code,1,1,0.0,500,Ab02-004
506,base_code,1,1,0.0,506,Ab02-085
507,base_code,1,1,0.0,507,Aa04-038
509,base_code,1,1,0.0,509,Ev07-019
515,base_code,1,1,0.0,515,Ev06-036
521,base_code,1,1,0.0,521s,Ev01-012
526,base_code,1,1,0.0,526y,Er04-053
536,base_code,1,1,2.1073424255447017e-08,536?,Da07-006
538,base_code,1,1,0.0,538,Aa02-057
541,base_code,1,1,0.0,541,Bv02-005
543,base_code,1,1,1.4901161193847656e-08,543,Bv12-010
544,base_code,1,1,0.0,544a,Ab08-021
546,base_code,1,1,0.0,546,Cb09-032
550,base_code,1,1,0.0,550,Ca05-018
552,base_code,1,1,1.4901161193847656e-08,552,Aa01-025
553,base_code,1,1,0.0,553,Aa01-045
554,base_code,1,1,0.0,554a,Aa01-020
556,base_code,1,1,0.0,556,Cb11-024
557,base_code,1,1,0.0,557,Cb11-021
558,base_code,1,1,1.4901161193847656e-08,558,Br04-009
561,base_code,1,1,0.0,561,Er09-040
562,base_code,1,1,0.0,562,Er03-028
567,base_code,1,1,0.0,567,Bv08-043
574,base_code,1,1,0.0,574s,Bv04-031
578,base_code,1,1,0.0,578,Ab07-027
582,base_code,1,1,0.0,582,Bv05-038
585,base_code,1,1,0.0,585,Aa03-078
586,base_code,1,1,0.0,586,Ab03-107
598,base_code,1,1,0.0,598,Ab04-035
603,base_code,1,1,0.0,603,Ab02-103
613,base_code,1,1,0.0,613,Aa02-107
615,base_code,1,1,0.0,615,Ab01-075
618,base_code,1,1,0.0,618,Br06-046
624,base_code,1,1,0.0,624,Br07-009
625,base_code,1,1,0.0,625,Aa08-080
637,base_code,1,1,0.0,637,Ca09-007
638,base_code,1,1,0.0,638,Br07-027
651,base_code,1,1,0.0,651,Ab02-049
652,base_code,1,1,1.4901161193847656e-08,652,Ab06-122
653,base_code,1,1,0.0,653y,Br08-038
654,base_code,1,1,0.0,654y,Bv02-031
656,base_code,1,1,0.0,656,Da02-006
658,base_code,1,1,0.0,658,Aa01-103
661,base_code,1,1,0.0,661o,Ab07-006
671,base_code,1,1,0.0,671,Cb08-014
673,base_code,1,1,0.0,673,Bv06-039
677,base_code,1,1,0.0,677,Fa02-004
683,base_code,1,1,0.0,683,Ca14-034
684,base_code,1,1,0.0,684,Ev05-046
694,base_code,1,1,0.0,694,Ev01-020
695,base_code,1,1,0.0,695,Aa01-012
701,base_code,1,1,0.0,701b,Aa02-020
716,base_code,1,1,0.0,716,Aa05-034
717,base_code,1,1,0.0,717,Ab08-033
718,base_code,1,1,0.0,718,Ab07-063
720,base_code,1,1,0.0,720,Aa06-096
725,base_code,1,1,0.0,725,Cb14-008
727,base_code,1,1,1.4901161193847656e-08,727,Bv10-012
732,base_code,1,1,0.0,732,Ab02-075
733,base_code,1,1,0.0,733,Bv10-013
737,base_code,1,1,0.0,737,Aa04-039
738,base_code,1,1,0.0,738,Br08-024
740,base_code,1,1,0.0,740,Ab03-075
743,base_code,1,1,0.0,743f,Ab06-030
749,base_code,1,1,0.0,749,Br03-029
756,base_code,1,1,0.0,756,Ab04-012
761,base_code,1,1,0.0,761,Cb11-020
762,base_code,1,1,0.0,762,Cb11-019
763,base_code,1,1,0.0,763,Ca11-034
775,base_code,1,1,0.0,775,Br07-041
780,base_code,1,1,0.0,780,Br06-013
